"leto","drzava","BDPpc","drzavljani","mladi","izobrazba","zaposlenost","neformalno","neaktivni"
2008,"Austria",35100,8321.54,5673466,81.8,2969.1,24.7,3.8
2008,"Austria",35100,8321.54,5673466,81.8,2969.1,24.7,3.8
2008,"Austria",35100,8321.54,5673466,81.8,2969.1,24.7,3.8
2008,"Austria",35100,8321.54,5673466,81.8,2969.1,24.7,3.8
2008,"Belgium",33100,10707,7558956,73.8,1907.4,6.3,3.6
2008,"Belgium",33100,10707,7558956,73.8,1907.4,6.3,3.6
2008,"Belgium",33100,10707,7558956,73.8,1907.4,6.3,3.6
2008,"Belgium",33100,10707,7558956,73.8,1907.4,6.3,3.6
2008,"Bulgaria",5000,7492.56,4943566,84.2,1616.3,2.7,10.3
2008,"Bulgaria",5000,7492.56,4943566,84.2,1616.3,2.7,10.3
2008,"Bulgaria",5000,7492.56,4943566,84.2,1616.3,2.7,10.3
2008,"Bulgaria",5000,7492.56,4943566,84.2,1616.3,2.7,10.3
2008,"Croatia",11200,4312.76,2990814,73.1,1060.5,1.9,1.7
2008,"Croatia",11200,4312.76,2990814,73.1,1060.5,1.9,1.7
2008,"Croatia",11200,4312.76,2990814,73.1,1060.5,1.9,1.7
2008,"Croatia",11200,4312.76,2990814,73.1,1060.5,1.9,1.7
2008,"Cyprus",24200,786.63,657834,73.8,174.2,58.3,2.2
2008,"Cyprus",24200,786.63,657834,73.8,174.2,58.3,2.2
2008,"Cyprus",24200,786.63,657834,73.8,174.2,58.3,2.2
2008,"Cyprus",24200,786.63,657834,73.8,174.2,58.3,2.2
2008,"Czech Republic",15400,10429.69,7193116,88,2824.3,13.2,2
2008,"Czech Republic",15400,10429.69,7193116,88,2824.3,13.2,2
2008,"Czech Republic",15400,10429.69,7193116,88,2824.3,13.2,2
2008,"Czech Republic",15400,10429.69,7193116,88,2824.3,13.2,2
2008,"Denmark",44000,5493,3935400,92.9,1919.1,63.9,1.8
2008,"Denmark",44000,5493,3935400,92.9,1919.1,63.9,1.8
2008,"Denmark",44000,5493,3935400,92.9,1919.1,63.9,1.8
2008,"Denmark",44000,5493,3935400,92.9,1919.1,63.9,1.8
2008,"Estonia",12300,1338.4,971620,87.6,371.4,10,4.4
2008,"Estonia",12300,1338.4,971620,87.6,371.4,10,4.4
2008,"Estonia",12300,1338.4,971620,87.6,371.4,10,4.4
2008,"Estonia",12300,1338.4,971620,87.6,371.4,10,4.4
2008,"Finland",36500,5313.4,3776916,88.9,1550.4,22.3,3.5
2008,"Finland",36500,5313.4,3776916,88.9,1550.4,22.3,3.5
2008,"Finland",36500,5313.4,3776916,88.9,1550.4,22.3,3.5
2008,"Finland",36500,5313.4,3776916,88.9,1550.4,22.3,3.5
2008,"France",31000,64324,94218502,68.3,11759.7,13.9,2.8
2008,"France",31000,64324,94218502,68.3,11759.7,13.9,2.8
2008,"France",31000,64324,94218502,68.3,11759.7,13.9,2.8
2008,"France",31000,64324,94218502,68.3,11759.7,13.9,2.8
2008,"Germany",31700,80764,51513780,91.1,23940,6.9,2.8
2008,"Germany",31700,80764,51513780,91.1,23940,6.9,2.8
2008,"Germany",31700,80764,51513780,91.1,23940,6.9,2.8
2008,"Germany",31700,80764,51513780,91.1,23940,6.9,2.8
2008,"Greece",21800,11077.86,7546508,72.2,2190.4,40.8,2.3
2008,"Greece",21800,11077.86,7546508,72.2,2190.4,40.8,2.3
2008,"Greece",21800,11077.86,7546508,72.2,2190.4,40.8,2.3
2008,"Greece",21800,11077.86,7546508,72.2,2190.4,40.8,2.3
2008,"Hungary",10700,10038.19,7077058,85.4,1923.3,4.3,4.6
2008,"Hungary",10700,10038.19,7077058,85.4,1923.3,4.3,4.6
2008,"Hungary",10700,10038.19,7077058,85.4,1923.3,4.3,4.6
2008,"Hungary",10700,10038.19,7077058,85.4,1923.3,4.3,4.6
2008,"Ireland",41700,4496.04,3961702,73.3,1292.6,8.7,6.9
2008,"Ireland",41700,4496.04,3961702,73.3,1292.6,8.7,6.9
2008,"Ireland",41700,4496.04,3961702,73.3,1292.6,8.7,6.9
2008,"Ireland",41700,4496.04,3961702,73.3,1292.6,8.7,6.9
2008,"Italy",27600,59241.9,35353164,84.5,10749.8,5.9,8.2
2008,"Italy",27600,59241.9,35353164,84.5,10749.8,5.9,8.2
2008,"Italy",27600,59241.9,35353164,84.5,10749.8,5.9,8.2
2008,"Italy",27600,59241.9,35353164,84.5,10749.8,5.9,8.2
2008,"Latvia",11200,2177.73,1592230,84.7,639.3,5.1,4.9
2008,"Latvia",11200,2177.73,1592230,84.7,639.3,5.1,4.9
2008,"Latvia",11200,2177.73,1592230,84.7,639.3,5.1,4.9
2008,"Latvia",11200,2177.73,1592230,84.7,639.3,5.1,4.9
2008,"Malta",15000,409.37,305038,38.1,137.5,18.9,6.3
2008,"Malta",15000,409.37,305038,38.1,137.5,18.9,6.3
2008,"Malta",15000,409.37,305038,38.1,137.5,18.9,6.3
2008,"Malta",15000,409.37,305038,38.1,137.5,18.9,6.3
2008,"Netherlands",38900,16440,11815826,77.7,5806.2,7.6,1.1
2008,"Netherlands",38900,16440,11815826,77.7,5806.2,7.6,1.1
2008,"Netherlands",38900,16440,11815826,77.7,5806.2,7.6,1.1
2008,"Netherlands",38900,16440,11815826,77.7,5806.2,7.6,1.1
2008,"Poland",9600,38116,29952742,84.9,9394.1,4.3,1.4
2008,"Poland",9600,38116,29952742,84.9,9394.1,4.3,1.4
2008,"Poland",9600,38116,29952742,84.9,9394.1,4.3,1.4
2008,"Poland",9600,38116,29952742,84.9,9394.1,4.3,1.4
2008,"Portugal",16900,10558.2,7190410,83.5,2705.2,6.4,5.2
2008,"Portugal",16900,10558.2,7190410,83.5,2705.2,6.4,5.2
2008,"Portugal",16900,10558.2,7190410,83.5,2705.2,6.4,5.2
2008,"Portugal",16900,10558.2,7190410,83.5,2705.2,6.4,5.2
2008,"Romania",6900,20537.85,15194156,84.8,5355.9,1.4,7
2008,"Romania",6900,20537.85,15194156,84.8,5355.9,1.4,7
2008,"Romania",6900,20537.85,15194156,84.8,5355.9,1.4,7
2008,"Romania",6900,20537.85,15194156,84.8,5355.9,1.4,7
2008,"Slovenia",18800,2021.97,1355472,75.8,613.9,18.3,1.4
2008,"Slovenia",18800,2021.97,1355472,75.8,613.9,18.3,1.4
2008,"Slovenia",18800,2021.97,1355472,75.8,613.9,18.3,1.4
2008,"Slovenia",18800,2021.97,1355472,75.8,613.9,18.3,1.4
2008,"Spain",24300,45983.17,31003082,74.5,10458.5,40.3,9.1
2008,"Spain",24300,45983.17,31003082,74.5,10458.5,40.3,9.1
2008,"Spain",24300,45983.17,31003082,74.5,10458.5,40.3,9.1
2008,"Spain",24300,45983.17,31003082,74.5,10458.5,40.3,9.1
2008,"Sweden",38200,9219.6,6581478,83.7,2493.7,56.4,1.8
2008,"Sweden",38200,9219.6,6581478,83.7,2493.7,56.4,1.8
2008,"Sweden",38200,9219.6,6581478,83.7,2493.7,56.4,1.8
2008,"Sweden",38200,9219.6,6581478,83.7,2493.7,56.4,1.8
2008,"United Kingdom",31800,61824,46326854,34.6,17450,57.9,4.7
2008,"United Kingdom",31800,61824,46326854,34.6,17450,57.9,4.7
2008,"United Kingdom",31800,61824,46326854,34.6,17450,57.9,4.7
2008,"United Kingdom",31800,61824,46326854,34.6,17450,57.9,4.7
2009,"Austria",34300,8341.48,5665800,82,2894.3,55.2,4
2009,"Austria",34300,8341.48,5665800,82,2894.3,55.2,4
2009,"Austria",34300,8341.48,5665800,82,2894.3,55.2,4
2009,"Austria",34300,8341.48,5665800,82,2894.3,55.2,4
2009,"Belgium",32300,10790,7621296,71.8,1801.1,11.2,3.6
2009,"Belgium",32300,10790,7621296,71.8,1801.1,11.2,3.6
2009,"Belgium",32300,10790,7621296,71.8,1801.1,11.2,3.6
2009,"Belgium",32300,10790,7621296,71.8,1801.1,11.2,3.6
2009,"Croatia",10500,4307.28,2967426,74.7,1007.2,4.6,1.8
2009,"Croatia",10500,4307.28,2967426,74.7,1007.2,4.6,1.8
2009,"Croatia",10500,4307.28,2967426,74.7,1007.2,4.6,1.8
2009,"Croatia",10500,4307.28,2967426,74.7,1007.2,4.6,1.8
2009,"Czech Republic",14100,10491.49,7145594,86.8,2591.4,21.2,2.2
2009,"Czech Republic",14100,10491.49,7145594,86.8,2591.4,21.2,2.2
2009,"Czech Republic",14100,10491.49,7145594,86.8,2591.4,21.2,2.2
2009,"Czech Republic",14100,10491.49,7145594,86.8,2591.4,21.2,2.2
2009,"Denmark",41900,5523,3963662,92.8,1830.8,136.2,2.9
2009,"Denmark",41900,5523,3963662,92.8,1830.8,136.2,2.9
2009,"Denmark",41900,5523,3963662,92.8,1830.8,136.2,2.9
2009,"Denmark",41900,5523,3963662,92.8,1830.8,136.2,2.9
2009,"Finland",33900,5338.9,3780390,87.7,1392.4,42.2,4
2009,"Finland",33900,5338.9,3780390,87.7,1392.4,42.2,4
2009,"Finland",33900,5338.9,3780390,87.7,1392.4,42.2,4
2009,"Finland",33900,5338.9,3780390,87.7,1392.4,42.2,4
2009,"France",30000,64655,94466064,68.7,11285.9,22.8,3.6
2009,"France",30000,64655,94466064,68.7,11285.9,22.8,3.6
2009,"France",30000,64655,94466064,68.7,11285.9,22.8,3.6
2009,"France",30000,64655,94466064,68.7,11285.9,22.8,3.6
2009,"Germany",30600,80483,51005534,91.1,23298.4,13.8,2.7
2009,"Germany",30600,80483,51005534,91.1,23298.4,13.8,2.7
2009,"Germany",30600,80483,51005534,91.1,23298.4,13.8,2.7
2009,"Germany",30600,80483,51005534,91.1,23298.4,13.8,2.7
2009,"Greece",21400,11107.02,7447348,71.9,2086.5,81,2.8
2009,"Greece",21400,11107.02,7447348,71.9,2086.5,81,2.8
2009,"Greece",21400,11107.02,7447348,71.9,2086.5,81,2.8
2009,"Greece",21400,11107.02,7447348,71.9,2086.5,81,2.8
2009,"Ireland",37400,4539.15,3975920,72.3,1013.1,12.8,6
2009,"Ireland",37400,4539.15,3975920,72.3,1013.1,12.8,6
2009,"Ireland",37400,4539.15,3975920,72.3,1013.1,12.8,6
2009,"Ireland",37400,4539.15,3975920,72.3,1013.1,12.8,6
2009,"Italy",26400,59578.3,35347764,85.3,9799,17,7.1
2009,"Italy",26400,59578.3,35347764,85.3,9799,17,7.1
2009,"Italy",26400,59578.3,35347764,85.3,9799,17,7.1
2009,"Italy",26400,59578.3,35347764,85.3,9799,17,7.1
2009,"Malta",14900,412.45,303636,33.1,132.7,33.6,6
2009,"Malta",14900,412.45,303636,33.1,132.7,33.6,6
2009,"Malta",14900,412.45,303636,33.1,132.7,33.6,6
2009,"Malta",14900,412.45,303636,33.1,132.7,33.6,6
2009,"Netherlands",37400,16526,11844834,77.3,5689.6,14.2,1
2009,"Netherlands",37400,16526,11844834,77.3,5689.6,14.2,1
2009,"Netherlands",37400,16526,11844834,77.3,5689.6,14.2,1
2009,"Netherlands",37400,16526,11844834,77.3,5689.6,14.2,1
2009,"Poland",8300,38153,29524926,84.4,8744.7,8.2,1.5
2009,"Poland",8300,38153,29524926,84.4,8744.7,8.2,1.5
2009,"Poland",8300,38153,29524926,84.4,8744.7,8.2,1.5
2009,"Poland",8300,38153,29524926,84.4,8744.7,8.2,1.5
2009,"Portugal",16600,10568.2,7070062,82.6,2445.6,11.4,4.5
2009,"Portugal",16600,10568.2,7070062,82.6,2445.6,11.4,4.5
2009,"Portugal",16600,10568.2,7070062,82.6,2445.6,11.4,4.5
2009,"Portugal",16600,10568.2,7070062,82.6,2445.6,11.4,4.5
2009,"Slovenia",17700,2041.66,1356964,77.8,549.8,46,1.5
2009,"Slovenia",17700,2041.66,1356964,77.8,549.8,46,1.5
2009,"Slovenia",17700,2041.66,1356964,77.8,549.8,46,1.5
2009,"Slovenia",17700,2041.66,1356964,77.8,549.8,46,1.5
2009,"Spain",23300,46367.55,30911410,75.2,8389.7,80,8.8
2009,"Spain",23300,46367.55,30911410,75.2,8389.7,80,8.8
2009,"Spain",23300,46367.55,30911410,75.2,8389.7,80,8.8
2009,"Spain",23300,46367.55,30911410,75.2,8389.7,80,8.8
2009,"Sweden",33300,9298.5,6654068,83.7,2333.1,110.2,1.6
2009,"Sweden",33300,9298.5,6654068,83.7,2333.1,110.2,1.6
2009,"Sweden",33300,9298.5,6654068,83.7,2333.1,110.2,1.6
2009,"Sweden",33300,9298.5,6654068,83.7,2333.1,110.2,1.6
2009,"United Kingdom",27400,62260,46674402,33.1,16144.4,114.2,4.5
2009,"United Kingdom",27400,62260,46674402,33.1,16144.4,114.2,4.5
2009,"United Kingdom",27400,62260,46674402,33.1,16144.4,114.2,4.5
2009,"United Kingdom",27400,62260,46674402,33.1,16144.4,114.2,4.5
2010,"Austria",35200,8361.07,5643736,82.1,2883.4,52.6,3.5
2010,"Austria",35200,8361.07,5643736,82.1,2883.4,52.6,3.5
2010,"Austria",35200,8361.07,5643736,82.1,2883.4,52.6,3.5
2010,"Austria",35200,8361.07,5643736,82.1,2883.4,52.6,3.5
2010,"Belgium",33500,10883,7670586,73.9,1782.5,15,3.2
2010,"Belgium",33500,10883,7670586,73.9,1782.5,15,3.2
2010,"Belgium",33500,10883,7670586,73.9,1782.5,15,3.2
2010,"Belgium",33500,10883,7670586,73.9,1782.5,15,3.2
2010,"Cyprus",23300,829.45,684416,72.6,172.5,112.6,2.1
2010,"Cyprus",23300,829.45,684416,72.6,172.5,112.6,2.1
2010,"Cyprus",23300,829.45,684416,72.6,172.5,112.6,2.1
2010,"Cyprus",23300,829.45,684416,72.6,172.5,112.6,2.1
2010,"Czech Republic",14900,10517.25,7067258,87,2406.5,21.6,2.5
2010,"Czech Republic",14900,10517.25,7067258,87,2406.5,21.6,2.5
2010,"Czech Republic",14900,10517.25,7067258,87,2406.5,21.6,2.5
2010,"Czech Republic",14900,10517.25,7067258,87,2406.5,21.6,2.5
2010,"Denmark",43800,5547,3979502,92,1739.5,138,2.1
2010,"Denmark",43800,5547,3979502,92,1739.5,138,2.1
2010,"Denmark",43800,5547,3979502,92,1739.5,138,2.1
2010,"Denmark",43800,5547,3979502,92,1739.5,138,2.1
2010,"Finland",34900,5363.4,3784130,87,1390.8,43.2,3.2
2010,"Finland",34900,5363.4,3784130,87,1390.8,43.2,3.2
2010,"Finland",34900,5363.4,3784130,87,1390.8,43.2,3.2
2010,"Finland",34900,5363.4,3784130,87,1390.8,43.2,3.2
2010,"France",30800,64974,94604262,68.7,11117.4,23.6,3.6
2010,"France",30800,64974,94604262,68.7,11117.4,23.6,3.6
2010,"France",30800,64974,94604262,68.7,11117.4,23.6,3.6
2010,"France",30800,64974,94604262,68.7,11117.4,23.6,3.6
2010,"Germany",32100,80284,50505166,90.9,22414.8,13.6,2.5
2010,"Germany",32100,80284,50505166,90.9,22414.8,13.6,2.5
2010,"Germany",32100,80284,50505166,90.9,22414.8,13.6,2.5
2010,"Germany",32100,80284,50505166,90.9,22414.8,13.6,2.5
2010,"Greece",20300,11121.38,7338978,74,1835.6,73.4,2.6
2010,"Greece",20300,11121.38,7338978,74,1835.6,73.4,2.6
2010,"Greece",20300,11121.38,7338978,74,1835.6,73.4,2.6
2010,"Greece",20300,11121.38,7338978,74,1835.6,73.4,2.6
2010,"Ireland",36700,4559.77,3937748,75.9,857.2,14,6.4
2010,"Ireland",36700,4559.77,3937748,75.9,857.2,14,6.4
2010,"Ireland",36700,4559.77,3937748,75.9,857.2,14,6.4
2010,"Ireland",36700,4559.77,3937748,75.9,857.2,14,6.4
2010,"Italy",26800,59829.6,35261228,84.4,9277.8,17.2,7.4
2010,"Italy",26800,59829.6,35261228,84.4,9277.8,17.2,7.4
2010,"Italy",26800,59829.6,35261228,84.4,9277.8,17.2,7.4
2010,"Italy",26800,59829.6,35261228,84.4,9277.8,17.2,7.4
2010,"Malta",15900,414.47,301898,34.2,127.9,27.2,7.9
2010,"Malta",15900,414.47,301898,34.2,127.9,27.2,7.9
2010,"Malta",15900,414.47,301898,34.2,127.9,27.2,7.9
2010,"Malta",15900,414.47,301898,34.2,127.9,27.2,7.9
2010,"Netherlands",38000,16612,11881198,77.4,5408.6,12.8,1.2
2010,"Netherlands",38000,16612,11881198,77.4,5408.6,12.8,1.2
2010,"Netherlands",38000,16612,11881198,77.4,5408.6,12.8,1.2
2010,"Netherlands",38000,16612,11881198,77.4,5408.6,12.8,1.2
2010,"Poland",9400,38517,28800098,84.5,8109.4,9.4,1.1
2010,"Poland",9400,38517,28800098,84.5,8109.4,9.4,1.1
2010,"Poland",9400,38517,28800098,84.5,8109.4,9.4,1.1
2010,"Poland",9400,38517,28800098,84.5,8109.4,9.4,1.1
2010,"Portugal",17000,10573.1,6957430,81.2,2193.5,10,3.9
2010,"Portugal",17000,10573.1,6957430,81.2,2193.5,10,3.9
2010,"Portugal",17000,10573.1,6957430,81.2,2193.5,10,3.9
2010,"Portugal",17000,10573.1,6957430,81.2,2193.5,10,3.9
2010,"Slovenia",17700,2048.82,1349536,80.3,525.5,41,2.2
2010,"Slovenia",17700,2048.82,1349536,80.3,525.5,41,2.2
2010,"Slovenia",17700,2048.82,1349536,80.3,525.5,41,2.2
2010,"Slovenia",17700,2048.82,1349536,80.3,525.5,41,2.2
2010,"Spain",23200,46562.48,30508892,72.6,7409.6,79.6,8.4
2010,"Spain",23200,46562.48,30508892,72.6,7409.6,79.6,8.4
2010,"Spain",23200,46562.48,30508892,72.6,7409.6,79.6,8.4
2010,"Spain",23200,46562.48,30508892,72.6,7409.6,79.6,8.4
2010,"Sweden",39400,9378.1,6730374,84.8,2389.9,118.6,1.5
2010,"Sweden",39400,9378.1,6730374,84.8,2389.9,118.6,1.5
2010,"Sweden",39400,9378.1,6730374,84.8,2389.9,118.6,1.5
2010,"Sweden",39400,9378.1,6730374,84.8,2389.9,118.6,1.5
2010,"United Kingdom",29200,62759,46927970,30.9,15605.8,108.8,4.4
2010,"United Kingdom",29200,62759,46927970,30.9,15605.8,108.8,4.4
2010,"United Kingdom",29200,62759,46927970,30.9,15605.8,108.8,4.4
2010,"United Kingdom",29200,62759,46927970,30.9,15605.8,108.8,4.4
2011,"Austria",36800,8388.53,5615462,82.1,2925.6,51.2,3.7
2011,"Austria",36800,8388.53,5615462,82.1,2925.6,51.2,3.7
2011,"Austria",36800,8388.53,5615462,82.1,2925.6,51.2,3.7
2011,"Austria",36800,8388.53,5615462,82.1,2925.6,51.2,3.7
2011,"Belgium",34500,10978,7801564,71.9,1837.7,10.6,4.2
2011,"Belgium",34500,10978,7801564,71.9,1837.7,10.6,4.2
2011,"Belgium",34500,10978,7801564,71.9,1837.7,10.6,4.2
2011,"Belgium",34500,10978,7801564,71.9,1837.7,10.6,4.2
2011,"Czech Republic",15600,10496.67,7011368,88.5,2273.4,40.8,2.1
2011,"Czech Republic",15600,10496.67,7011368,88.5,2273.4,40.8,2.1
2011,"Czech Republic",15600,10496.67,7011368,88.5,2273.4,40.8,2.1
2011,"Czech Republic",15600,10496.67,7011368,88.5,2273.4,40.8,2.1
2011,"Denmark",44500,5570,4001120,91.8,1713.9,137.6,2.5
2011,"Denmark",44500,5570,4001120,91.8,1713.9,137.6,2.5
2011,"Denmark",44500,5570,4001120,91.8,1713.9,137.6,2.5
2011,"Denmark",44500,5570,4001120,91.8,1713.9,137.6,2.5
2011,"Finland",36500,5388.3,3787208,88.5,1426.5,45,3
2011,"Finland",36500,5388.3,3787208,88.5,1426.5,45,3
2011,"Finland",36500,5388.3,3787208,88.5,1426.5,45,3
2011,"Finland",36500,5388.3,3787208,88.5,1426.5,45,3
2011,"France",31500,65294,94520100,69.7,10906.5,23.4,3.5
2011,"France",31500,65294,94520100,69.7,10906.5,23.4,3.5
2011,"France",31500,65294,94520100,69.7,10906.5,23.4,3.5
2011,"France",31500,65294,94520100,69.7,10906.5,23.4,3.5
2011,"Germany",33700,80275,49241524,85.7,22368.7,12.4,2.6
2011,"Germany",33700,80275,49241524,85.7,22368.7,12.4,2.6
2011,"Germany",33700,80275,49241524,85.7,22368.7,12.4,2.6
2011,"Germany",33700,80275,49241524,85.7,22368.7,12.4,2.6
2011,"Greece",18600,11105,7209526,73.8,1445.1,63.2,3.4
2011,"Greece",18600,11105,7209526,73.8,1445.1,63.2,3.4
2011,"Greece",18600,11105,7209526,73.8,1445.1,63.2,3.4
2011,"Greece",18600,11105,7209526,73.8,1445.1,63.2,3.4
2011,"Ireland",37800,4577.16,3871280,74.6,768.7,15,5.3
2011,"Ireland",37800,4577.16,3871280,74.6,768.7,15,5.3
2011,"Ireland",37800,4577.16,3871280,74.6,768.7,15,5.3
2011,"Ireland",37800,4577.16,3871280,74.6,768.7,15,5.3
2011,"Italy",27300,60060,35180574,84.7,8970.7,18.6,7.4
2011,"Italy",27300,60060,35180574,84.7,8970.7,18.6,7.4
2011,"Italy",27300,60060,35180574,84.7,8970.7,18.6,7.4
2011,"Italy",27300,60060,35180574,84.7,8970.7,18.6,7.4
2011,"Malta",16400,416.27,297330,41.2,125.2,27,6.7
2011,"Malta",16400,416.27,297330,41.2,125.2,27,6.7
2011,"Malta",16400,416.27,297330,41.2,125.2,27,6.7
2011,"Malta",16400,416.27,297330,41.2,125.2,27,6.7
2011,"Netherlands",38500,16693,11900172,77.5,5272.3,13.4,1.2
2011,"Netherlands",38500,16693,11900172,77.5,5272.3,13.4,1.2
2011,"Netherlands",38500,16693,11900172,77.5,5272.3,13.4,1.2
2011,"Netherlands",38500,16693,11900172,77.5,5272.3,13.4,1.2
2011,"Poland",9900,38526,28383090,84.4,7536.7,7.6,1.2
2011,"Poland",9900,38526,28383090,84.4,7536.7,7.6,1.2
2011,"Poland",9900,38526,28383090,84.4,7536.7,7.6,1.2
2011,"Poland",9900,38526,28383090,84.4,7536.7,7.6,1.2
2011,"Portugal",16700,10557.6,6817926,78.1,2033.3,45.4,5
2011,"Portugal",16700,10557.6,6817926,78.1,2033.3,45.4,5
2011,"Portugal",16700,10557.6,6817926,78.1,2033.3,45.4,5
2011,"Portugal",16700,10557.6,6817926,78.1,2033.3,45.4,5
2011,"Romania",6600,20147.66,13971536,86.5,3989.6,4.8,7.3
2011,"Romania",6600,20147.66,13971536,86.5,3989.6,4.8,7.3
2011,"Romania",6600,20147.66,13971536,86.5,3989.6,4.8,7.3
2011,"Romania",6600,20147.66,13971536,86.5,3989.6,4.8,7.3
2011,"Slovenia",18000,2052.84,1332436,78.8,477.2,42.2,1.6
2011,"Slovenia",18000,2052.84,1332436,78.8,477.2,42.2,1.6
2011,"Slovenia",18000,2052.84,1332436,78.8,477.2,42.2,1.6
2011,"Slovenia",18000,2052.84,1332436,78.8,477.2,42.2,1.6
2011,"Spain",22900,46736.26,30071950,71.7,6556,77.6,8
2011,"Spain",22900,46736.26,30071950,71.7,6556,77.6,8
2011,"Spain",22900,46736.26,30071950,71.7,6556,77.6,8
2011,"Spain",22900,46736.26,30071950,71.7,6556,77.6,8
2011,"Sweden",42900,9449.2,6795006,84.8,2532.4,115.8,1.5
2011,"Sweden",42900,9449.2,6795006,84.8,2532.4,115.8,1.5
2011,"Sweden",42900,9449.2,6795006,84.8,2532.4,115.8,1.5
2011,"Sweden",42900,9449.2,6795006,84.8,2532.4,115.8,1.5
2011,"United Kingdom",29600,63285,47238406,28.6,15292.9,93,3.7
2011,"United Kingdom",29600,63285,47238406,28.6,15292.9,93,3.7
2011,"United Kingdom",29600,63285,47238406,28.6,15292.9,93,3.7
2011,"United Kingdom",29600,63285,47238406,28.6,15292.9,93,3.7
2012,"Austria",37600,8426.31,5589836,80.2,2894.3,56,3.2
2012,"Austria",37600,8426.31,5589836,80.2,2894.3,56,3.2
2012,"Austria",37600,8426.31,5589836,80.2,2894.3,56,3.2
2012,"Austria",37600,8426.31,5589836,80.2,2894.3,56,3.2
2012,"Belgium",35100,11054,7861234,73,2005.8,11.2,4.8
2012,"Belgium",35100,11054,7861234,73,2005.8,11.2,4.8
2012,"Belgium",35100,11054,7861234,73,2005.8,11.2,4.8
2012,"Belgium",35100,11054,7861234,73,2005.8,11.2,4.8
2012,"Czech Republic",15400,10509.29,6950016,86.3,2156.4,37,1.7
2012,"Czech Republic",15400,10509.29,6950016,86.3,2156.4,37,1.7
2012,"Czech Republic",15400,10509.29,6950016,86.3,2156.4,37,1.7
2012,"Czech Republic",15400,10509.29,6950016,86.3,2156.4,37,1.7
2012,"Denmark",45500,5591,4018496,91.2,1653.1,136,2.6
2012,"Denmark",45500,5591,4018496,91.2,1653.1,136,2.6
2012,"Denmark",45500,5591,4018496,91.2,1653.1,136,2.6
2012,"Denmark",45500,5591,4018496,91.2,1653.1,136,2.6
2012,"Finland",36900,5414,3790134,88.3,1439,49,3.3
2012,"Finland",36900,5414,3790134,88.3,1439,49,3.3
2012,"Finland",36900,5414,3790134,88.3,1439,49,3.3
2012,"Finland",36900,5414,3790134,88.3,1439,49,3.3
2012,"France",31800,65615,94370124,68.8,10405.3,23.8,3.3
2012,"France",31800,65615,94370124,68.8,10405.3,23.8,3.3
2012,"France",31800,65615,94370124,68.8,10405.3,23.8,3.3
2012,"France",31800,65615,94370124,68.8,10405.3,23.8,3.3
2012,"Germany",34300,80426,48956872,84.4,21731.4,12.2,2.2
2012,"Germany",34300,80426,48956872,84.4,21731.4,12.2,2.2
2012,"Germany",34300,80426,48956872,84.4,21731.4,12.2,2.2
2012,"Germany",34300,80426,48956872,84.4,21731.4,12.2,2.2
2012,"Greece",17300,11045.04,7064828,72.8,1128.2,55,3.3
2012,"Greece",17300,11045.04,7064828,72.8,1128.2,55,3.3
2012,"Greece",17300,11045.04,7064828,72.8,1128.2,55,3.3
2012,"Greece",17300,11045.04,7064828,72.8,1128.2,55,3.3
2012,"Ireland",38300,4590.17,3799784,74.8,707.2,16.2,6.5
2012,"Ireland",38300,4590.17,3799784,74.8,707.2,16.2,6.5
2012,"Ireland",38300,4590.17,3799784,74.8,707.2,16.2,6.5
2012,"Ireland",38300,4590.17,3799784,74.8,707.2,16.2,6.5
2012,"Italy",26700,60339.1,35088210,84.1,8546.3,24,6.7
2012,"Italy",26700,60339.1,35088210,84.1,8546.3,24,6.7
2012,"Italy",26700,60339.1,35088210,84.1,8546.3,24,6.7
2012,"Italy",26700,60339.1,35088210,84.1,8546.3,24,6.7
2012,"Malta",17100,419.44,294982,45.5,123.1,27.6,7.9
2012,"Malta",17100,419.44,294982,45.5,123.1,27.6,7.9
2012,"Malta",17100,419.44,294982,45.5,123.1,27.6,7.9
2012,"Malta",17100,419.44,294982,45.5,123.1,27.6,7.9
2012,"Netherlands",38500,16752,11911204,76.2,5240.5,14.4,1.4
2012,"Netherlands",38500,16752,11911204,76.2,5240.5,14.4,1.4
2012,"Netherlands",38500,16752,11911204,76.2,5240.5,14.4,1.4
2012,"Netherlands",38500,16752,11911204,76.2,5240.5,14.4,1.4
2012,"Poland",10100,38534,27910660,84.3,7210.5,7.6,1.1
2012,"Poland",10100,38534,27910660,84.3,7210.5,7.6,1.1
2012,"Poland",10100,38534,27910660,84.3,7210.5,7.6,1.1
2012,"Poland",10100,38534,27910660,84.3,7210.5,7.6,1.1
2012,"Portugal",16000,10514.8,6699612,77,1787.8,48,3.3
2012,"Portugal",16000,10514.8,6699612,77,1787.8,48,3.3
2012,"Portugal",16000,10514.8,6699612,77,1787.8,48,3.3
2012,"Portugal",16000,10514.8,6699612,77,1787.8,48,3.3
2012,"Romania",6700,20060.18,13890532,86.6,3977.4,4.6,7.2
2012,"Romania",6700,20060.18,13890532,86.6,3977.4,4.6,7.2
2012,"Romania",6700,20060.18,13890532,86.6,3977.4,4.6,7.2
2012,"Romania",6700,20060.18,13890532,86.6,3977.4,4.6,7.2
2012,"Slovenia",17500,2056.77,1317726,76.1,418.6,32.2,2.2
2012,"Slovenia",17500,2056.77,1317726,76.1,418.6,32.2,2.2
2012,"Slovenia",17500,2056.77,1317726,76.1,418.6,32.2,2.2
2012,"Slovenia",17500,2056.77,1317726,76.1,418.6,32.2,2.2
2012,"Spain",22200,46766.4,29692156,72.5,5445.8,79,7.4
2012,"Spain",22200,46766.4,29692156,72.5,5445.8,79,7.4
2012,"Spain",22200,46766.4,29692156,72.5,5445.8,79,7.4
2012,"Spain",22200,46766.4,29692156,72.5,5445.8,79,7.4
2012,"Sweden",44500,9519.4,6845288,87.9,2470.2,121.6,2.2
2012,"Sweden",44500,9519.4,6845288,87.9,2470.2,121.6,2.2
2012,"Sweden",44500,9519.4,6845288,87.9,2470.2,121.6,2.2
2012,"Sweden",44500,9519.4,6845288,87.9,2470.2,121.6,2.2
2012,"United Kingdom",32400,63705,47493446,26.3,15131.1,90.6,3.3
2012,"United Kingdom",32400,63705,47493446,26.3,15131.1,90.6,3.3
2012,"United Kingdom",32400,63705,47493446,26.3,15131.1,90.6,3.3
2012,"United Kingdom",32400,63705,47493446,26.3,15131.1,90.6,3.3
2013,"Austria",38000,8477.23,5582246,80.3,2831.3,51.8,3.4
2013,"Austria",38000,8477.23,5582246,80.3,2831.3,51.8,3.4
2013,"Austria",38000,8477.23,5582246,80.3,2831.3,51.8,3.4
2013,"Austria",38000,8477.23,5582246,80.3,2831.3,51.8,3.4
2013,"Belgium",35300,11105,7896460,73.2,1734.5,9.4,4.5
2013,"Belgium",35300,11105,7896460,73.2,1734.5,9.4,4.5
2013,"Belgium",35300,11105,7896460,73.2,1734.5,9.4,4.5
2013,"Belgium",35300,11105,7896460,73.2,1734.5,9.4,4.5
2013,"Czech Republic",15000,10510.72,6884280,86.4,2104.4,31.4,1.6
2013,"Czech Republic",15000,10510.72,6884280,86.4,2104.4,31.4,1.6
2013,"Czech Republic",15000,10510.72,6884280,86.4,2104.4,31.4,1.6
2013,"Czech Republic",15000,10510.72,6884280,86.4,2104.4,31.4,1.6
2013,"Denmark",46100,5613,4035334,91.1,1643.3,127.8,2
2013,"Denmark",46100,5613,4035334,91.1,1643.3,127.8,2
2013,"Denmark",46100,5613,4035334,91.1,1643.3,127.8,2
2013,"Denmark",46100,5613,4035334,91.1,1643.3,127.8,2
2013,"Finland",37400,5439,3786316,87,1409.5,46.4,3.6
2013,"Finland",37400,5439,3786316,87,1409.5,46.4,3.6
2013,"Finland",37400,5439,3786316,87,1409.5,46.4,3.6
2013,"Finland",37400,5439,3786316,87,1409.5,46.4,3.6
2013,"France",32100,65927,94337678,68.2,9946.3,95.4,4
2013,"France",32100,65927,94337678,68.2,9946.3,95.4,4
2013,"France",32100,65927,94337678,68.2,9946.3,95.4,4
2013,"France",32100,65927,94337678,68.2,9946.3,95.4,4
2013,"Germany",35000,80646,48799136,81.8,21637.9,11.4,1.9
2013,"Germany",35000,80646,48799136,81.8,21637.9,11.4,1.9
2013,"Germany",35000,80646,48799136,81.8,21637.9,11.4,1.9
2013,"Germany",35000,80646,48799136,81.8,21637.9,11.4,1.9
2013,"Greece",16500,10965.24,6897516,70.7,942,52,2.4
2013,"Greece",16500,10965.24,6897516,70.7,942,52,2.4
2013,"Greece",16500,10965.24,6897516,70.7,942,52,2.4
2013,"Greece",16500,10965.24,6897516,70.7,942,52,2.4
2013,"Ireland",39200,4601.83,3739640,76.8,678.9,16.2,6.1
2013,"Ireland",39200,4601.83,3739640,76.8,678.9,16.2,6.1
2013,"Ireland",39200,4601.83,3739640,76.8,678.9,16.2,6.1
2013,"Ireland",39200,4601.83,3739640,76.8,678.9,16.2,6.1
2013,"Italy",26500,60646.4,35022530,84,7649.6,23.4,5.7
2013,"Italy",26500,60646.4,35022530,84,7649.6,23.4,5.7
2013,"Italy",26500,60646.4,35022530,84,7649.6,23.4,5.7
2013,"Italy",26500,60646.4,35022530,84,7649.6,23.4,5.7
2013,"Malta",18000,423.36,294722,47.6,126.8,28.6,8.2
2013,"Malta",18000,423.36,294722,47.6,126.8,28.6,8.2
2013,"Malta",18000,423.36,294722,47.6,126.8,28.6,8.2
2013,"Malta",18000,423.36,294722,47.6,126.8,28.6,8.2
2013,"Netherlands",38900,16800,11901700,77.8,5076.3,16.2,1.3
2013,"Netherlands",38900,16800,11901700,77.8,5076.3,16.2,1.3
2013,"Netherlands",38900,16800,11901700,77.8,5076.3,16.2,1.3
2013,"Netherlands",38900,16800,11901700,77.8,5076.3,16.2,1.3
2013,"Poland",10300,38502,27398426,84.8,6834.5,8,1.1
2013,"Poland",10300,38502,27398426,84.8,6834.5,8,1.1
2013,"Poland",10300,38502,27398426,84.8,6834.5,8,1.1
2013,"Poland",10300,38502,27398426,84.8,6834.5,8,1.1
2013,"Portugal",16300,10457.3,6560378,78.1,1621.3,52.8,3.2
2013,"Portugal",16300,10457.3,6560378,78.1,1621.3,52.8,3.2
2013,"Portugal",16300,10457.3,6560378,78.1,1621.3,52.8,3.2
2013,"Portugal",16300,10457.3,6560378,78.1,1621.3,52.8,3.2
2013,"Romania",7200,19988.69,13698348,86.1,3884.4,6.8,6.6
2013,"Romania",7200,19988.69,13698348,86.1,3884.4,6.8,6.6
2013,"Romania",7200,19988.69,13698348,86.1,3884.4,6.8,6.6
2013,"Romania",7200,19988.69,13698348,86.1,3884.4,6.8,6.6
2013,"Slovenia",17400,2059.55,1305872,80.4,380.1,39.2,1.8
2013,"Slovenia",17400,2059.55,1305872,80.4,380.1,39.2,1.8
2013,"Slovenia",17400,2059.55,1305872,80.4,380.1,39.2,1.8
2013,"Slovenia",17400,2059.55,1305872,80.4,380.1,39.2,1.8
2013,"Spain",22000,46593.24,29197752,72.6,4914.7,82.4,6.9
2013,"Spain",22000,46593.24,29197752,72.6,4914.7,82.4,6.9
2013,"Spain",22000,46593.24,29197752,72.6,4914.7,82.4,6.9
2013,"Spain",22000,46593.24,29197752,72.6,4914.7,82.4,6.9
2013,"Sweden",45400,9600.4,6905398,86.6,2482.3,127,1.9
2013,"Sweden",45400,9600.4,6905398,86.6,2482.3,127,1.9
2013,"Sweden",45400,9600.4,6905398,86.6,2482.3,127,1.9
2013,"Sweden",45400,9600.4,6905398,86.6,2482.3,127,1.9
2013,"United Kingdom",32000,64106,47645842,27,15121.5,90.6,3.2
2013,"United Kingdom",32000,64106,47645842,27,15121.5,90.6,3.2
2013,"United Kingdom",32000,64106,47645842,27,15121.5,90.6,3.2
2013,"United Kingdom",32000,64106,47645842,27,15121.5,90.6,3.2
2014,"Austria",38700,8543.93,5581916,69.3,2301.5,52.6,3.7
2014,"Austria",38700,8543.93,5581916,69.3,2301.5,52.6,3.7
2014,"Austria",38700,8543.93,5581916,69.3,2301.5,52.6,3.7
2014,"Austria",38700,8543.93,5581916,69.3,2301.5,52.6,3.7
2014,"Belgium",35900,11157,7880938,72.8,1649.1,13.6,4.2
2014,"Belgium",35900,11157,7880938,72.8,1649.1,13.6,4.2
2014,"Belgium",35900,11157,7880938,72.8,1649.1,13.6,4.2
2014,"Belgium",35900,11157,7880938,72.8,1649.1,13.6,4.2
2014,"Czech Republic",14900,10524.78,6814204,85.9,2139.4,32.6,1.3
2014,"Czech Republic",14900,10524.78,6814204,85.9,2139.4,32.6,1.3
2014,"Czech Republic",14900,10524.78,6814204,85.9,2139.4,32.6,1.3
2014,"Czech Republic",14900,10524.78,6814204,85.9,2139.4,32.6,1.3
2014,"Denmark",47000,5643,4054794,91.7,1681.6,118.2,2
2014,"Denmark",47000,5643,4054794,91.7,1681.6,118.2,2
2014,"Denmark",47000,5643,4054794,91.7,1681.6,118.2,2
2014,"Denmark",47000,5643,4054794,91.7,1681.6,118.2,2
2014,"Finland",37600,5462.5,3778744,86.3,1379.7,48.6,3
2014,"Finland",37600,5462.5,3778744,86.3,1379.7,48.6,3
2014,"Finland",37600,5462.5,3778744,86.3,1379.7,48.6,3
2014,"Finland",37600,5462.5,3778744,86.3,1379.7,48.6,3
2014,"Germany",36100,80983,48782772,87.2,22151.4,11.2,1.8
2014,"Germany",36100,80983,48782772,87.2,22151.4,11.2,1.8
2014,"Germany",36100,80983,48782772,87.2,22151.4,11.2,1.8
2014,"Germany",36100,80983,48782772,87.2,22151.4,11.2,1.8
2014,"Greece",16300,10892.37,6742274,71.7,1002.1,47.6,2.3
2014,"Greece",16300,10892.37,6742274,71.7,1002.1,47.6,2.3
2014,"Greece",16300,10892.37,6742274,71.7,1002.1,47.6,2.3
2014,"Greece",16300,10892.37,6742274,71.7,1002.1,47.6,2.3
2014,"Hungary",10600,9866.47,6417342,84.1,1783.7,14.4,5.6
2014,"Hungary",10600,9866.47,6417342,84.1,1783.7,14.4,5.6
2014,"Hungary",10600,9866.47,6417342,84.1,1783.7,14.4,5.6
2014,"Hungary",10600,9866.47,6417342,84.1,1783.7,14.4,5.6
2014,"Italy",26700,60789.1,35456976,84.2,7362.2,26.6,5.5
2014,"Italy",26700,60789.1,35456976,84.2,7362.2,26.6,5.5
2014,"Italy",26700,60789.1,35456976,84.2,7362.2,26.6,5.5
2014,"Italy",26700,60789.1,35456976,84.2,7362.2,26.6,5.5
2014,"Malta",19700,427.42,294286,46.7,124.5,24,8.7
2014,"Malta",19700,427.42,294286,46.7,124.5,24,8.7
2014,"Malta",19700,427.42,294286,46.7,124.5,24,8.7
2014,"Malta",19700,427.42,294286,46.7,124.5,24,8.7
2014,"Netherlands",39300,16863,11890254,78.4,5041.4,14.6,1.4
2014,"Netherlands",39300,16863,11890254,78.4,5041.4,14.6,1.4
2014,"Netherlands",39300,16863,11890254,78.4,5041.4,14.6,1.4
2014,"Netherlands",39300,16863,11890254,78.4,5041.4,14.6,1.4
2014,"Poland",10700,38484,26789250,86,6798.4,9,1.1
2014,"Poland",10700,38484,26789250,86,6798.4,9,1.1
2014,"Poland",10700,38484,26789250,86,6798.4,9,1.1
2014,"Poland",10700,38484,26789250,86,6798.4,9,1.1
2014,"Portugal",16600,10401.1,6436940,78.5,1609.5,55,2.6
2014,"Portugal",16600,10401.1,6436940,78.5,1609.5,55,2.6
2014,"Portugal",16600,10401.1,6436940,78.5,1609.5,55,2.6
2014,"Portugal",16600,10401.1,6436940,78.5,1609.5,55,2.6
2014,"Romania",7600,19913.19,13535014,84.1,3906,6,7.3
2014,"Romania",7600,19913.19,13535014,84.1,3906,6,7.3
2014,"Romania",7600,19913.19,13535014,84.1,3906,6,7.3
2014,"Romania",7600,19913.19,13535014,84.1,3906,6,7.3
2014,"Spain",22300,46455.12,28662898,72.5,4789.2,74,6.2
2014,"Spain",22300,46455.12,28662898,72.5,4789.2,74,6.2
2014,"Spain",22300,46455.12,28662898,72.5,4789.2,74,6.2
2014,"Spain",22300,46455.12,28662898,72.5,4789.2,74,6.2
2014,"Sweden",44600,9696.1,6985846,86.8,2521.4,127.6,1.7
2014,"Sweden",44600,9696.1,6985846,86.8,2521.4,127.6,1.7
2014,"Sweden",44600,9696.1,6985846,86.8,2521.4,127.6,1.7
2014,"Sweden",44600,9696.1,6985846,86.8,2521.4,127.6,1.7
2014,"United Kingdom",35000,64597,47819618,26.2,15374.6,91.6,2.7
2014,"United Kingdom",35000,64597,47819618,26.2,15374.6,91.6,2.7
2014,"United Kingdom",35000,64597,47819618,26.2,15374.6,91.6,2.7
2014,"United Kingdom",35000,64597,47819618,26.2,15374.6,91.6,2.7
2015,"Austria",39400,8629.52,5602474,71.1,2267.7,53.4,2.7
2015,"Austria",39400,8629.52,5602474,71.1,2267.7,53.4,2.7
2015,"Austria",39400,8629.52,5602474,71.1,2267.7,53.4,2.7
2015,"Austria",39400,8629.52,5602474,71.1,2267.7,53.4,2.7
2015,"Belgium",36600,11212,7901568,72.5,1661.4,12.6,3.8
2015,"Belgium",36600,11212,7901568,72.5,1661.4,12.6,3.8
2015,"Belgium",36600,11212,7901568,72.5,1661.4,12.6,3.8
2015,"Belgium",36600,11212,7901568,72.5,1661.4,12.6,3.8
2015,"Czech Republic",15800,10542.94,6770112,87.5,2145.8,27.8,1.8
2015,"Czech Republic",15800,10542.94,6770112,87.5,2145.8,27.8,1.8
2015,"Czech Republic",15800,10542.94,6770112,87.5,2145.8,27.8,1.8
2015,"Czech Republic",15800,10542.94,6770112,87.5,2145.8,27.8,1.8
2015,"Denmark",47800,5682,4077898,92.5,1753.9,111.8,1.7
2015,"Denmark",47800,5682,4077898,92.5,1753.9,111.8,1.7
2015,"Denmark",47800,5682,4077898,92.5,1753.9,111.8,1.7
2015,"Denmark",47800,5682,4077898,92.5,1753.9,111.8,1.7
2015,"Finland",38200,5480.5,3769682,89.3,1348.1,46.8,3.6
2015,"Finland",38200,5480.5,3769682,89.3,1348.1,46.8,3.6
2015,"Finland",38200,5480.5,3769682,89.3,1348.1,46.8,3.6
2015,"Finland",38200,5480.5,3769682,89.3,1348.1,46.8,3.6
2015,"Germany",37100,81687,49013330,88.6,21772.9,11.2,2.3
2015,"Germany",37100,81687,49013330,88.6,21772.9,11.2,2.3
2015,"Germany",37100,81687,49013330,88.6,21772.9,11.2,2.3
2015,"Germany",37100,81687,49013330,88.6,21772.9,11.2,2.3
2015,"Greece",16200,10820.96,6603640,73.9,1024.6,45.8,2.4
2015,"Greece",16200,10820.96,6603640,73.9,1024.6,45.8,2.4
2015,"Greece",16200,10820.96,6603640,73.9,1024.6,45.8,2.4
2015,"Greece",16200,10820.96,6603640,73.9,1024.6,45.8,2.4
2015,"Hungary",11100,9839.3,6375272,85.3,1872.9,23.8,4.5
2015,"Hungary",11100,9839.3,6375272,85.3,1872.9,23.8,4.5
2015,"Hungary",11100,9839.3,6375272,85.3,1872.9,23.8,4.5
2015,"Hungary",11100,9839.3,6375272,85.3,1872.9,23.8,4.5
2015,"Italy",27100,60730.6,35224214,84.5,7341.2,25.8,5.6
2015,"Italy",27100,60730.6,35224214,84.5,7341.2,25.8,5.6
2015,"Italy",27100,60730.6,35224214,84.5,7341.2,25.8,5.6
2015,"Italy",27100,60730.6,35224214,84.5,7341.2,25.8,5.6
2015,"Malta",21500,431.93,293578,47.8,120.6,18.8,6.7
2015,"Malta",21500,431.93,293578,47.8,120.6,18.8,6.7
2015,"Malta",21500,431.93,293578,47.8,120.6,18.8,6.7
2015,"Malta",21500,431.93,293578,47.8,120.6,18.8,6.7
2015,"Netherlands",40000,16932,11895530,77.8,5217.7,16.2,1.2
2015,"Netherlands",40000,16932,11895530,77.8,5217.7,16.2,1.2
2015,"Netherlands",40000,16932,11895530,77.8,5217.7,16.2,1.2
2015,"Netherlands",40000,16932,11895530,77.8,5217.7,16.2,1.2
2015,"Poland",11200,38455,26244384,87,6722.8,9,0.8
2015,"Poland",11200,38455,26244384,87,6722.8,9,0.8
2015,"Poland",11200,38455,26244384,87,6722.8,9,0.8
2015,"Poland",11200,38455,26244384,87,6722.8,9,0.8
2015,"Portugal",17300,10358.1,6324454,77.5,1594.5,59.4,2.5
2015,"Portugal",17300,10358.1,6324454,77.5,1594.5,59.4,2.5
2015,"Portugal",17300,10358.1,6324454,77.5,1594.5,59.4,2.5
2015,"Portugal",17300,10358.1,6324454,77.5,1594.5,59.4,2.5
2015,"Romania",8100,19819.7,13393182,83.6,4038.1,21.2,9.8
2015,"Romania",8100,19819.7,13393182,83.6,4038.1,21.2,9.8
2015,"Romania",8100,19819.7,13393182,83.6,4038.1,21.2,9.8
2015,"Romania",8100,19819.7,13393182,83.6,4038.1,21.2,9.8
2015,"Slovenia",18700,2063.3,1279618,80.3,376.2,31.6,2.7
2015,"Slovenia",18700,2063.3,1279618,80.3,376.2,31.6,2.7
2015,"Slovenia",18700,2063.3,1279618,80.3,376.2,31.6,2.7
2015,"Slovenia",18700,2063.3,1279618,80.3,376.2,31.6,2.7
2015,"Spain",23200,46407.17,28324028,68.8,4781.8,76.6,5.9
2015,"Spain",23200,46407.17,28324028,68.8,4781.8,76.6,5.9
2015,"Spain",23200,46407.17,28324028,68.8,4781.8,76.6,5.9
2015,"Spain",23200,46407.17,28324028,68.8,4781.8,76.6,5.9
2015,"Sweden",45600,9799.2,7073106,88.6,2537.4,124.2,2
2015,"Sweden",45600,9799.2,7073106,88.6,2537.4,124.2,2
2015,"Sweden",45600,9799.2,7073106,88.6,2537.4,124.2,2
2015,"Sweden",45600,9799.2,7073106,88.6,2537.4,124.2,2
2015,"United Kingdom",39600,65110,48089008,25.4,15533.2,89.6,2.5
2015,"United Kingdom",39600,65110,48089008,25.4,15533.2,89.6,2.5
2015,"United Kingdom",39600,65110,48089008,25.4,15533.2,89.6,2.5
2015,"United Kingdom",39600,65110,48089008,25.4,15533.2,89.6,2.5
2016,"Austria",40000,8739.13,5692890,71,2268.2,28.2,3.2
2016,"Belgium",37400,11271,7958120,72.8,1701,5.7,2.4
2016,"Czech Republic",16500,10563.89,6724690,89.3,2109.2,14.6,1.8
2016,"Denmark",48300,5729,4119940,92.1,1805.8,57.9,1.7
2016,"Finland",39000,5494.6,3757876,86.8,1365.6,23.2,2.8
2016,"Germany",37900,82731,50093298,85.5,22277.6,6.2,2.2
2016,"Hungary",11500,9814.85,6321604,84.8,2139.3,9.8,4.6
2016,"Italy",27600,60622.5,34920594,84.9,7552.5,14.2,5.9
2016,"Malta",22700,436.62,294178,39.7,119.6,9.2,7.2
2016,"Netherlands",40900,17030,11910894,78.2,5273.3,7.6,1.1
2016,"Poland",11000,38427,25725298,86.6,7097.7,5.6,0.9
2016,"Portugal",17900,10328.6,6247552,77.7,1613.5,29.3,1.7
2016,"Romania",8600,19760.31,13170004,84.6,3844.7,9.3,8.6
2016,"Slovenia",19300,2064.63,1267432,83.7,356.4,19.9,1.8
2016,"Spain",24000,46468.1,28111654,69,4796.1,37.7,5.5
2016,"Sweden",46600,9923.09,7156952,89.5,2551.7,60.2,1.8
2016,"United Kingdom",36100,65572,48320352,24.5,15960.4,41.1,2.1
